{"ItgzFF4PyHcT5P4sNfOV6A==":"6-1466x977.jpg","9+fN5r5qLNW9nOe/IjQJYA==":"7-481x598.png","ToLWuKp1vSF24IGIEca3eQ==":"8-816x544.jpg","Du+cAxFtvfddokLiZKEROA==":"4-816x612.jpg","TlrbCPyJABaXHS86eHAyMw==":"4-816x612.jpeg","91lTJ7jlNRu6tiuSFaeQfg==":"9-816x534.jpg","Om9eWRfEw6DaJwAAQDS1Fg==":"4-1-816x612.jpeg","HSyjtANUzuLQPATduOHq5g==":"4-2-816x612.jpeg","qi3ER9wI/fXx3jDBiwNd+A==":"4-3-816x612.jpeg","rPiO0BfLAXp1mM9A3+R2bw==":"2-1600x1200.jpg","i7yAJDe5ZtGHITADHIIfJw==":"3-640x475.jpg","raYSFVtbQLjXqx/i4nB2Fw==":"5-940x480.jpg","hYKS7wzyf/BFcV+sI/zL6A==":"10-700x466.jpg","sDRVEdCA5sAyBYoaPkcZpQ==":"1-512x323.jpg","x69oRq3t+H3x2sCjcw9PWQ==":"11-311x162.jpg","I79qSgjJ294QF3J70maemw==":"8-960x640.jpg","2iEJC6Daf97kkZ0M3gcDdA==":"12-816x545.jpg"}